<?xml version="1.0" encoding="UTF-8"?>
<java version="1.8.0_201" class="java.beans.XMLDecoder">
 <object class="Logic.GameEngine" id="GameEngine0">
  <void class="Logic.GameEngine" method="getField">
   <string>planet</string>
   <void method="set">
    <object idref="GameEngine0"/>
    <object class="Logic.Planet" id="Planet0"/>
   </void>
  </void>
  <void class="Logic.GameEngine" method="getField">
   <string>carnianimal</string>
   <void method="set">
    <object idref="GameEngine0"/>
    <object class="Logic.Carnianimal" id="Carnianimal0"/>
   </void>
  </void>
  <void class="Logic.GameEngine" method="getField">
   <string>herbanimal</string>
   <void method="set">
    <object idref="GameEngine0"/>
    <object class="Logic.Herbanimal" id="Herbanimal0"/>
   </void>
  </void>
  <void class="Logic.GameEngine" method="getField">
   <string>ReDo</string>
   <void method="set">
    <object idref="GameEngine0"/>
    <object class="java.util.Stack"/>
   </void>
  </void>
  <void class="Logic.GameEngine" method="getField">
   <string>UnDo</string>
   <void method="set">
    <object idref="GameEngine0"/>
    <object class="java.util.Stack"/>
   </void>
  </void>
  <void class="Logic.GameEngine" method="getField">
   <string>boatRiders</string>
   <void method="set">
    <object idref="GameEngine0"/>
    <null/>
   </void>
  </void>
  <void class="Logic.GameEngine" method="getField">
   <string>storyType</string>
   <void method="set">
    <object idref="GameEngine0"/>
    <int>1</int>
   </void>
  </void>
 </object>
<void class="Logic.GameEngine" id="Field0" method="getField">
 <string>storyOneList</string>
 <void id="LinkedList0" method="get">
  <object idref="GameEngine0"/>
  <void method="add">
   <object idref="Carnianimal0"/>
  </void>
  <void method="add">
   <object idref="Herbanimal0"/>
  </void>
  <void method="add">
   <object idref="Planet0"/>
  </void>
 </void>
</void>
<void idref="LinkedList0"/>
<void class="Logic.GameEngine" id="Field1" method="getField">
 <string>story1RightBankList</string>
 <void id="LinkedList1" method="get">
  <object idref="GameEngine0"/>
  <void method="add">
   <object idref="Carnianimal0"/>
  </void>
  <void method="add">
   <object idref="Herbanimal0"/>
  </void>
  <void method="add">
   <object idref="Planet0"/>
  </void>
 </void>
</void>
<void idref="LinkedList1"/>
</java>
